{
"lengthUnit": "mil",
"components": {
	"fields": ["COMPONENT_NO", "COMPONENT_NAME", "LAYER", "X_COORDINATE", "Y_COORDINATE", "ANGLE"],
	"rows": [
		[1, "CN1_male", "B", 580, -635, 90],
		[2, "U3", "T", 400, -650, 0]
	]
},
"pins": {
	"fields": ["PIN_NO", "PIN_NAME", "PIN_X", "PIN_Y", "LAYER", "PIN_TYPE", "NET_NAME", "NET_TYPE", "PAD_SHAPE", "PAD_SIZEX", "PAD_SIZEY", "HOLE_SIZE", "PAD_ANGLE"],
	"rows": [
		[1, "CN1_male_1", 533.15, -485.4, "B", "SMD", "VCC_3V3", "", "R", 7.87, 55.12, 0, 90],
		[2, "CN1_male_2", 626.85, -485.4, "B", "SMD", "VCC_3V3", "", "R", 7.87, 55.12, 0, 90],
		[3, "CN1_male_3", 533.15, -501.15, "B", "SMD", "EN", "", "R", 7.87, 55.12, 0, 90],
		[4, "CN1_male_4", 626.85, -501.15, "B", "SMD", "ADC_IN1", "", "R", 7.87, 55.12, 0, 90],
		[5, "CN1_male_5", 533.15, -516.9, "B", "SMD", "PWM4", "", "R", 7.87, 55.12, 0, 90],
		[6, "CN1_male_6", 626.85, -516.9, "B", "SMD", "ADC_IN2", "", "R", 7.87, 55.12, 0, 90],
		[7, "CN1_male_7", 533.15, -532.63, "B", "SMD", "LED", "", "R", 7.87, 55.12, 0, 90],
		[8, "CN1_male_8", 626.85, -532.63, "B", "SMD", "TXD0", "", "R", 7.87, 55.12, 0, 90],
		[9, "CN1_male_9", 533.15, -548.39, "B", "SMD", "CN1_male_9", "", "R", 7.87, 55.12, 0, 90],
		[10, "CN1_male_10", 626.85, -548.39, "B", "SMD", "RXD0", "", "R", 7.87, 55.12, 0, 90],
		[11, "CN1_male_11", 533.15, -564.13, "B", "SMD", "TXD1", "", "R", 7.87, 55.12, 0, 90],
		[12, "CN1_male_12", 626.85, -564.13, "B", "SMD", "PWM3", "", "R", 7.87, 55.12, 0, 90],
		[13, "CN1_male_13", 533.15, -579.89, "B", "SMD", "RXD1", "", "R", 7.87, 55.12, 0, 90],
		[14, "CN1_male_14", 626.85, -579.89, "B", "SMD", "PWM2", "", "R", 7.87, 55.12, 0, 90],
		[15, "CN1_male_15", 533.15, -595.63, "B", "SMD", "SDA", "", "R", 7.87, 55.12, 0, 90],
		[16, "CN1_male_16", 626.85, -595.63, "B", "SMD", "PWM1", "", "R", 7.87, 55.12, 0, 90],
		[17, "CN1_male_17", 533.15, -611.37, "B", "SMD", "CN1_male_17", "", "R", 7.87, 55.12, 0, 90],
		[18, "CN1_male_18", 626.85, -611.37, "B", "SMD", "CN1_male_18", "", "R", 7.87, 55.12, 0, 90],
		[19, "CN1_male_19", 533.15, -627.13, "B", "SMD", "IO19", "", "R", 7.87, 55.12, 0, 90],
		[20, "CN1_male_20", 626.85, -627.13, "B", "SMD", "SLEEP", "", "R", 7.87, 55.12, 0, 90],
		[21, "CN1_male_21", 533.15, -642.88, "B", "SMD", "IO20", "", "R", 7.87, 55.12, 0, 90],
		[22, "CN1_male_22", 626.85, -642.88, "B", "SMD", "BIN2", "", "R", 7.87, 55.12, 0, 90],
		[23, "CN1_male_23", 533.15, -658.63, "B", "SMD", "CN1_male_23", "", "R", 7.87, 55.12, 0, 90],
		[24, "CN1_male_24", 626.85, -658.63, "B", "SMD", "BIN1", "", "R", 7.87, 55.12, 0, 90],
		[25, "CN1_male_25", 533.15, -674.38, "B", "SMD", "CN1_male_25", "", "R", 7.87, 55.12, 0, 90],
		[26, "CN1_male_26", 626.85, -674.38, "B", "SMD", "AIN2", "", "R", 7.87, 55.12, 0, 90],
		[27, "CN1_male_27", 533.15, -690.12, "B", "SMD", "CS3", "", "R", 7.87, 55.12, 0, 90],
		[28, "CN1_male_28", 626.85, -690.12, "B", "SMD", "AIN1", "", "R", 7.87, 55.12, 0, 90],
		[29, "CN1_male_29", 533.15, -705.87, "B", "SMD", "CS2", "", "R", 7.87, 55.12, 0, 90],
		[30, "CN1_male_30", 626.85, -705.87, "B", "SMD", "BOOT", "", "R", 7.87, 55.12, 0, 90],
		[31, "CN1_male_31", 533.15, -721.61, "B", "SMD", "CN1_male_31", "", "R", 7.87, 55.12, 0, 90],
		[32, "CN1_male_32", 626.85, -721.61, "B", "SMD", "CN1_male_32", "", "R", 7.87, 55.12, 0, 90],
		[33, "CN1_male_33", 533.15, -737.37, "B", "SMD", "MISO", "", "R", 7.87, 55.12, 0, 90],
		[34, "CN1_male_34", 626.85, -737.37, "B", "SMD", "MOSI", "", "R", 7.87, 55.12, 0, 90],
		[35, "CN1_male_35", 533.15, -753.12, "B", "SMD", "CN1_male_35", "", "R", 7.87, 55.12, 0, 90],
		[36, "CN1_male_36", 626.85, -753.12, "B", "SMD", "CS1", "", "R", 7.87, 55.12, 0, 90],
		[37, "CN1_male_37", 533.15, -768.86, "B", "SMD", "SCK", "", "R", 7.87, 55.12, 0, 90],
		[38, "CN1_male_38", 626.85, -768.86, "B", "SMD", "SCL", "", "R", 7.87, 55.12, 0, 90],
		[39, "CN1_male_39", 533.15, -784.61, "B", "SMD", "GND", "GND", "R", 7.87, 55.12, 0, 90],
		[40, "CN1_male_40", 626.85, -784.61, "B", "SMD", "GND", "GND", "R", 7.87, 55.12, 0, 90],
		[41, "U3_1", 55.51, -299.81, "T", "SMD", "GND", "GND", "R", 59.05, 35.43, 0, 0],
		[42, "U3_2", 55.51, -349.81, "T", "SMD", "VCC_3V3", "", "R", 59.05, 35.43, 0, 0],
		[43, "U3_3", 55.51, -399.81, "T", "SMD", "EN", "", "R", 59.05, 35.43, 0, 0],
		[44, "U3_4", 55.51, -449.81, "T", "SMD", "ADC_IN3", "", "R", 59.05, 35.43, 0, 0],
		[45, "U3_5", 55.51, -499.81, "T", "SMD", "ADC_IN4", "", "R", 59.05, 35.43, 0, 0],
		[46, "U3_6", 55.51, -549.81, "T", "SMD", "PWM4", "", "R", 59.05, 35.43, 0, 0],
		[47, "U3_7", 55.51, -599.81, "T", "SMD", "LED", "", "R", 59.05, 35.43, 0, 0],
		[48, "U3_8", 55.51, -649.81, "T", "SMD", "U3_8", "", "R", 59.05, 35.43, 0, 0],
		[49, "U3_9", 55.51, -699.8, "T", "SMD", "U3_9", "", "R", 59.05, 35.43, 0, 0],
		[50, "U3_10", 55.51, -749.8, "T", "SMD", "TXD1", "", "R", 59.05, 35.43, 0, 0],
		[51, "U3_11", 55.51, -799.8, "T", "SMD", "RXD1", "", "R", 59.05, 35.43, 0, 0],
		[52, "U3_12", 55.51, -849.8, "T", "SMD", "SDA", "", "R", 59.05, 35.43, 0, 0],
		[53, "U3_13", 55.51, -899.81, "T", "SMD", "IO19", "", "R", 59.05, 35.43, 0, 0],
		[54, "U3_14", 55.51, -949.81, "T", "SMD", "IO20", "", "R", 59.05, 35.43, 0, 0],
		[55, "U3_15", 125, -1000.19, "T", "SMD", "U3_15", "", "R", 59.05, 35.43, 0, 90],
		[56, "U3_16", 175, -1000.19, "T", "SMD", "U3_16", "", "R", 59.05, 35.43, 0, 90],
		[57, "U3_17", 225, -1000.19, "T", "SMD", "SCL", "", "R", 59.05, 35.43, 0, 90],
		[58, "U3_18", 275, -1000.19, "T", "SMD", "CS1", "", "R", 59.05, 35.43, 0, 90],
		[59, "U3_19", 325, -1000.19, "T", "SMD", "MOSI", "", "R", 59.05, 35.43, 0, 90],
		[60, "U3_20", 375, -1000.19, "T", "SMD", "SCK", "", "R", 59.05, 35.43, 0, 90],
		[61, "U3_21", 425, -1000.19, "T", "SMD", "MISO", "", "R", 59.05, 35.43, 0, 90],
		[62, "U3_22", 475, -1000.19, "T", "SMD", "CS2", "", "R", 59.05, 35.43, 0, 90],
		[63, "U3_23", 525, -1000.19, "T", "SMD", "CS3", "", "R", 59.05, 35.43, 0, 90],
		[64, "U3_24", 575, -1000.19, "T", "SMD", "U3_24", "", "R", 59.05, 35.43, 0, 90],
		[65, "U3_25", 625, -1000.19, "T", "SMD", "U3_25", "", "R", 59.05, 35.43, 0, 90],
		[66, "U3_26", 675, -999.01, "T", "SMD", "U3_26", "", "R", 59.05, 35.43, 0, 90],
		[67, "U3_27", 744.49, -949.81, "T", "SMD", "BOOT", "", "R", 59.05, 35.43, 0, 180],
		[68, "U3_28", 744.49, -899.81, "T", "SMD", "AIN1", "", "R", 59.05, 35.43, 0, 180],
		[69, "U3_29", 744.49, -849.81, "T", "SMD", "AIN2", "", "R", 59.05, 35.43, 0, 180],
		[70, "U3_30", 744.49, -799.81, "T", "SMD", "BIN1", "", "R", 59.05, 35.43, 0, 180],
		[71, "U3_31", 744.49, -749.81, "T", "SMD", "BIN2", "", "R", 59.05, 35.43, 0, 180],
		[72, "U3_32", 744.49, -699.81, "T", "SMD", "SLEEP", "", "R", 59.05, 35.43, 0, 180],
		[73, "U3_33", 744.49, -649.81, "T", "SMD", "PWM1", "", "R", 59.05, 35.43, 0, 180],
		[74, "U3_34", 744.49, -599.81, "T", "SMD", "PWM2", "", "R", 59.05, 35.43, 0, 180],
		[75, "U3_35", 744.49, -549.81, "T", "SMD", "PWM3", "", "R", 59.05, 35.43, 0, 180],
		[76, "U3_36", 744.49, -499.81, "T", "SMD", "RXD0", "", "R", 59.05, 35.43, 0, 180],
		[77, "U3_37", 744.49, -449.81, "T", "SMD", "TXD0", "", "R", 59.05, 35.43, 0, 180],
		[78, "U3_38", 744.49, -399.81, "T", "SMD", "ADC_IN2", "", "R", 59.05, 35.43, 0, 180],
		[79, "U3_39", 744.49, -349.81, "T", "SMD", "ADC_IN1", "", "R", 59.05, 35.43, 0, 180],
		[80, "U3_40", 744.49, -299.81, "T", "SMD", "GND", "GND", "R", 59.05, 35.43, 0, 180],
		[81, "U3_41", 396.06, -658.87, "T", "SMD", "GND", "GND", "R", 35.43, 35.43, 0, 90],
		[82, "U3_41", 340.94, -658.87, "T", "SMD", "GND", "GND", "R", 35.43, 35.43, 0, 90],
		[83, "U3_41", 285.82, -658.87, "T", "SMD", "GND", "GND", "R", 35.43, 35.43, 0, 90],
		[84, "U3_41", 285.82, -548.63, "T", "SMD", "GND", "GND", "R", 35.43, 35.43, 0, 90],
		[85, "U3_41", 340.94, -548.63, "T", "SMD", "GND", "GND", "R", 35.43, 35.43, 0, 90],
		[86, "U3_41", 396.06, -548.63, "T", "SMD", "GND", "GND", "R", 35.43, 35.43, 0, 90],
		[87, "U3_41", 396.06, -603.75, "T", "SMD", "GND", "GND", "R", 35.43, 35.43, 0, 90],
		[88, "U3_41", 285.82, -603.75, "T", "SMD", "GND", "GND", "R", 35.43, 35.43, 0, 90],
		[89, "U3_41", 340.94, -603.75, "T", "SMD", "GND", "GND", "R", 35.43, 35.43, 0, 90]
	]
}
}