{
"lengthUnit": "mil",
"components": {
	"fields": ["COMPONENT_NO", "COMPONENT_NAME", "LAYER", "X_COORDINATE", "Y_COORDINATE", "ANGLE"],
	"rows": [
		[1, "CN1_male", "B", 535, -540, 90],
		[2, "U3", "T", 530, -650, 0]
	]
},
"pins": {
	"fields": ["PIN_NO", "PIN_NAME", "PIN_X", "PIN_Y", "LAYER", "PIN_TYPE", "NET_NAME", "NET_TYPE", "PAD_SHAPE", "PAD_SIZEX", "PAD_SIZEY", "HOLE_SIZE", "PAD_ANGLE"],
	"rows": [
		[1, "CN1_male_1", 488.15, -390.39, "B", "SMD", "GND", "GND", "R", 7.87, 55.12, 0, 90],
		[2, "CN1_male_2", 581.85, -390.4, "B", "SMD", "GND", "GND", "R", 7.87, 55.12, 0, 90],
		[3, "CN1_male_3", 488.15, -406.14, "B", "SMD", "EN", "", "R", 7.87, 55.12, 0, 90],
		[4, "CN1_male_4", 581.85, -406.14, "B", "SMD", "ADC_IN1", "", "R", 7.87, 55.12, 0, 90],
		[5, "CN1_male_5", 488.15, -421.89, "B", "SMD", "PWM4", "", "R", 7.87, 55.12, 0, 90],
		[6, "CN1_male_6", 581.85, -421.89, "B", "SMD", "ADC_IN2", "", "R", 7.87, 55.12, 0, 90],
		[7, "CN1_male_7", 488.15, -437.63, "B", "SMD", "LED", "", "R", 7.87, 55.12, 0, 90],
		[8, "CN1_male_8", 581.85, -437.63, "B", "SMD", "TXD0", "", "R", 7.87, 55.12, 0, 90],
		[9, "CN1_male_9", 488.15, -453.38, "B", "SMD", "CN1_male_9", "", "R", 7.87, 55.12, 0, 90],
		[10, "CN1_male_10", 581.85, -453.38, "B", "SMD", "RXD0", "", "R", 7.87, 55.12, 0, 90],
		[11, "CN1_male_11", 488.15, -469.13, "B", "SMD", "TXD1", "", "R", 7.87, 55.12, 0, 90],
		[12, "CN1_male_12", 581.85, -469.13, "B", "SMD", "PWM3", "", "R", 7.87, 55.12, 0, 90],
		[13, "CN1_male_13", 488.15, -484.88, "B", "SMD", "RXD1", "", "R", 7.87, 55.12, 0, 90],
		[14, "CN1_male_14", 581.85, -484.88, "B", "SMD", "PWM2", "", "R", 7.87, 55.12, 0, 90],
		[15, "CN1_male_15", 488.15, -500.63, "B", "SMD", "SDA", "", "R", 7.87, 55.12, 0, 90],
		[16, "CN1_male_16", 581.85, -500.63, "B", "SMD", "PWM1", "", "R", 7.87, 55.12, 0, 90],
		[17, "CN1_male_17", 488.15, -516.38, "B", "SMD", "CN1_male_17", "", "R", 7.87, 55.12, 0, 90],
		[18, "CN1_male_18", 581.85, -516.38, "B", "SMD", "CN1_male_18", "", "R", 7.87, 55.12, 0, 90],
		[19, "CN1_male_19", 488.15, -532.12, "B", "SMD", "IO19", "", "R", 7.87, 55.12, 0, 90],
		[20, "CN1_male_20", 581.85, -532.13, "B", "SMD", "SLEEP", "", "R", 7.87, 55.12, 0, 90],
		[21, "CN1_male_21", 488.15, -547.88, "B", "SMD", "IO20", "", "R", 7.87, 55.12, 0, 90],
		[22, "CN1_male_22", 581.85, -547.88, "B", "SMD", "BIN2", "", "R", 7.87, 55.12, 0, 90],
		[23, "CN1_male_23", 488.15, -563.62, "B", "SMD", "MISO", "", "R", 7.87, 55.12, 0, 90],
		[24, "CN1_male_24", 581.85, -563.63, "B", "SMD", "BIN1", "", "R", 7.87, 55.12, 0, 90],
		[25, "CN1_male_25", 488.15, -579.37, "B", "SMD", "$1N2675", "", "R", 7.87, 55.12, 0, 90],
		[26, "CN1_male_26", 581.85, -579.38, "B", "SMD", "CN1_male_26", "", "R", 7.87, 55.12, 0, 90],
		[27, "CN1_male_27", 488.15, -595.11, "B", "SMD", "SCK", "", "R", 7.87, 55.12, 0, 90],
		[28, "CN1_male_28", 581.85, -595.12, "B", "SMD", "AIN2", "", "R", 7.87, 55.12, 0, 90],
		[29, "CN1_male_29", 488.15, -610.86, "B", "SMD", "MOSI", "", "R", 7.87, 55.12, 0, 90],
		[30, "CN1_male_30", 581.85, -610.87, "B", "SMD", "AIN1", "", "R", 7.87, 55.12, 0, 90],
		[31, "CN1_male_31", 488.15, -626.62, "B", "SMD", "CN1_male_31", "", "R", 7.87, 55.12, 0, 90],
		[32, "CN1_male_32", 581.85, -626.62, "B", "SMD", "BOOT", "", "R", 7.87, 55.12, 0, 90],
		[33, "CN1_male_33", 488.15, -642.37, "B", "SMD", "CS1", "", "R", 7.87, 55.12, 0, 90],
		[34, "CN1_male_34", 581.85, -642.37, "B", "SMD", "CN1_male_34", "", "R", 7.87, 55.12, 0, 90],
		[35, "CN1_male_35", 488.15, -658.12, "B", "SMD", "CN1_male_35", "", "R", 7.87, 55.12, 0, 90],
		[36, "CN1_male_36", 581.85, -658.12, "B", "SMD", "CS3", "", "R", 7.87, 55.12, 0, 90],
		[37, "CN1_male_37", 488.15, -673.85, "B", "SMD", "SCL", "", "R", 7.87, 55.12, 0, 90],
		[38, "CN1_male_38", 581.85, -673.85, "B", "SMD", "CS2", "", "R", 7.87, 55.12, 0, 90],
		[39, "CN1_male_39", 488.15, -689.61, "B", "SMD", "VCC_3V3", "", "R", 7.87, 55.12, 0, 90],
		[40, "CN1_male_40", 581.85, -689.61, "B", "SMD", "VCC_3V3", "", "R", 7.87, 55.12, 0, 90],
		[41, "U3_1", 185.51, -299.81, "T", "SMD", "GND", "GND", "R", 59.05, 35.43, 0, 0],
		[42, "U3_2", 185.51, -349.81, "T", "SMD", "VCC_3V3", "", "R", 59.05, 35.43, 0, 0],
		[43, "U3_3", 185.51, -399.81, "T", "SMD", "EN", "", "R", 59.05, 35.43, 0, 0],
		[44, "U3_4", 185.51, -449.81, "T", "SMD", "ADC_IN3", "", "R", 59.05, 35.43, 0, 0],
		[45, "U3_5", 185.51, -499.81, "T", "SMD", "ADC_IN4", "", "R", 59.05, 35.43, 0, 0],
		[46, "U3_6", 185.51, -549.8, "T", "SMD", "PWM4", "", "R", 59.05, 35.43, 0, 0],
		[47, "U3_7", 185.51, -599.8, "T", "SMD", "LED", "", "R", 59.05, 35.43, 0, 0],
		[48, "U3_8", 185.51, -649.81, "T", "SMD", "U3_8", "", "R", 59.05, 35.43, 0, 0],
		[49, "U3_9", 185.51, -699.81, "T", "SMD", "U3_9", "", "R", 59.05, 35.43, 0, 0],
		[50, "U3_10", 185.51, -749.81, "T", "SMD", "TXD1", "", "R", 59.05, 35.43, 0, 0],
		[51, "U3_11", 185.51, -799.81, "T", "SMD", "RXD1", "", "R", 59.05, 35.43, 0, 0],
		[52, "U3_12", 185.51, -849.81, "T", "SMD", "SDA", "", "R", 59.05, 35.43, 0, 0],
		[53, "U3_13", 185.51, -899.81, "T", "SMD", "IO19", "", "R", 59.05, 35.43, 0, 0],
		[54, "U3_14", 185.51, -949.81, "T", "SMD", "IO20", "", "R", 59.05, 35.43, 0, 0],
		[55, "U3_15", 255, -1000.19, "T", "SMD", "U3_15", "", "R", 59.05, 35.43, 0, 90],
		[56, "U3_16", 305, -1000.19, "T", "SMD", "U3_16", "", "R", 59.05, 35.43, 0, 90],
		[57, "U3_17", 355, -1000.19, "T", "SMD", "SCL", "", "R", 59.05, 35.43, 0, 90],
		[58, "U3_18", 405, -1000.19, "T", "SMD", "CS1", "", "R", 59.05, 35.43, 0, 90],
		[59, "U3_19", 455, -1000.19, "T", "SMD", "MOSI", "", "R", 59.05, 35.43, 0, 90],
		[60, "U3_20", 505, -1000.19, "T", "SMD", "SCK", "", "R", 59.05, 35.43, 0, 90],
		[61, "U3_21", 555, -1000.19, "T", "SMD", "MISO", "", "R", 59.05, 35.43, 0, 90],
		[62, "U3_22", 605, -1000.19, "T", "SMD", "CS2", "", "R", 59.05, 35.43, 0, 90],
		[63, "U3_23", 655, -1000.19, "T", "SMD", "CS3", "", "R", 59.05, 35.43, 0, 90],
		[64, "U3_24", 705, -1000.19, "T", "SMD", "U3_24", "", "R", 59.05, 35.43, 0, 90],
		[65, "U3_25", 755, -1000.19, "T", "SMD", "U3_25", "", "R", 59.05, 35.43, 0, 90],
		[66, "U3_26", 805, -999.01, "T", "SMD", "U3_26", "", "R", 59.05, 35.43, 0, 90],
		[67, "U3_27", 874.49, -949.81, "T", "SMD", "BOOT", "", "R", 59.05, 35.43, 0, 180],
		[68, "U3_28", 874.49, -899.81, "T", "SMD", "AIN1", "", "R", 59.05, 35.43, 0, 180],
		[69, "U3_29", 874.49, -849.81, "T", "SMD", "AIN2", "", "R", 59.05, 35.43, 0, 180],
		[70, "U3_30", 874.49, -799.81, "T", "SMD", "BIN1", "", "R", 59.05, 35.43, 0, 180],
		[71, "U3_31", 874.49, -749.81, "T", "SMD", "BIN2", "", "R", 59.05, 35.43, 0, 180],
		[72, "U3_32", 874.49, -699.81, "T", "SMD", "SLEEP", "", "R", 59.05, 35.43, 0, 180],
		[73, "U3_33", 874.49, -649.81, "T", "SMD", "PWM1", "", "R", 59.05, 35.43, 0, 180],
		[74, "U3_34", 874.49, -599.8, "T", "SMD", "PWM2", "", "R", 59.05, 35.43, 0, 180],
		[75, "U3_35", 874.49, -549.8, "T", "SMD", "PWM3", "", "R", 59.05, 35.43, 0, 180],
		[76, "U3_36", 874.49, -499.81, "T", "SMD", "RXD0", "", "R", 59.05, 35.43, 0, 180],
		[77, "U3_37", 874.49, -449.81, "T", "SMD", "TXD0", "", "R", 59.05, 35.43, 0, 180],
		[78, "U3_38", 874.49, -399.81, "T", "SMD", "ADC_IN2", "", "R", 59.05, 35.43, 0, 180],
		[79, "U3_39", 874.49, -349.81, "T", "SMD", "ADC_IN1", "", "R", 59.05, 35.43, 0, 180],
		[80, "U3_40", 874.49, -299.81, "T", "SMD", "GND", "GND", "R", 59.05, 35.43, 0, 180],
		[81, "U3_41", 526.06, -658.87, "T", "SMD", "GND", "GND", "R", 35.43, 35.43, 0, 90],
		[82, "U3_41", 470.94, -658.87, "T", "SMD", "GND", "GND", "R", 35.43, 35.43, 0, 90],
		[83, "U3_41", 415.82, -658.87, "T", "SMD", "GND", "GND", "R", 35.43, 35.43, 0, 90],
		[84, "U3_41", 415.82, -548.63, "T", "SMD", "GND", "GND", "R", 35.43, 35.43, 0, 90],
		[85, "U3_41", 470.94, -548.63, "T", "SMD", "GND", "GND", "R", 35.43, 35.43, 0, 90],
		[86, "U3_41", 526.06, -548.63, "T", "SMD", "GND", "GND", "R", 35.43, 35.43, 0, 90],
		[87, "U3_41", 526.06, -603.75, "T", "SMD", "GND", "GND", "R", 35.43, 35.43, 0, 90],
		[88, "U3_41", 415.82, -603.75, "T", "SMD", "GND", "GND", "R", 35.43, 35.43, 0, 90],
		[89, "U3_41", 470.94, -603.75, "T", "SMD", "GND", "GND", "R", 35.43, 35.43, 0, 90]
	]
}
}