{
"lengthUnit": "mil",
"components": {
	"fields": ["COMPONENT_NO", "COMPONENT_NAME", "LAYER", "X_COORDINATE", "Y_COORDINATE", "ANGLE"],
	"rows": [
		[1, "3V3", "T", 48.33, -294.23, 0],
		[2, "ADC1", "T", 1002.7, -796.08, 270],
		[3, "ADC2", "T", 1003.33, -702.34, 0],
		[4, "AO1", "T", 1003.33, -525.49, 0],
		[5, "AO2", "T", 1000, -615, 0],
		[6, "BO1", "T", 1008.33, -351.75, 0],
		[7, "BO2", "T", 1008.33, -271.12, 0],
		[8, "C1", "T", 260, -595, 90],
		[9, "C2", "T", 325, -925, 270],
		[10, "C3", "T", 300, -365, 270],
		[11, "C4", "T", 560, -120, 270],
		[12, "C5", "T", 275, -775, 0],
		[13, "C6", "T", 740, -935, 0],
		[14, "CN1_female1", "T", 530, -525, 270],
		[15, "COM_5V", "T", 54.84, -883.22, 0],
		[16, "D1", "T", 750, -830, 0],
		[17, "FPC3", "B", 140, -540, 270],
		[18, "GND1", "T", 54.21, -728.22, 0],
		[19, "GND2", "T", 53.58, -638.22, 0],
		[20, "GND3", "T", 57.95, -803.22, 0],
		[21, "HEAT1", "T", 1007.7, -192.97, 270],
		[22, "HEAT2", "T", 1005, -420, 180],
		[23, "LED1", "T", 975, -85, 270],
		[24, "PWM4", "T", 47.7, -381.71, 0],
		[25, "Q2", "B", 115, -140, 180],
		[26, "Q5", "B", 975, -145, 0],
		[27, "Q6", "B", 975, -465, 0],
		[28, "R1", "T", 710, -120, 90],
		[29, "R3", "T", 860, -195, 0],
		[30, "R4", "T", 860, -290, 0],
		[31, "R5", "B", 995, -310, 270],
		[32, "RXD0", "T", 1005, -880, 0],
		[33, "SCL1", "T", 55, -975, 0],
		[34, "SDA1", "T", 55, -560, 270],
		[35, "SW1", "B", 235, -950, 180],
		[36, "SW2", "B", 795, -950, 180],
		[37, "TXD0", "T", 1005, -965, 0],
		[38, "U2", "B", 245, -490, 0],
		[39, "U5", "B", 870, -710, 0],
		[40, "U6", "T", 75, -85, 90],
		[41, "USB1", "B", 530, -885, 180],
		[42, "VBAT", "T", 51.84, -209.68, 0],
		[43, "VM", "T", 51.21, -474.68, 0],
		[44, "PAD1", "B", 115, -885, 0],
		[45, "PAD2", "B", 60, -885, 0],
		[46, "PAD3", "B", 125, -300, 0],
		[47, "PAD4", "B", 70, -300, 0]
	]
},
"pins": {
	"fields": ["PIN_NO", "PIN_NAME", "PIN_X", "PIN_Y", "LAYER", "PIN_TYPE", "NET_NAME", "NET_TYPE", "PAD_SHAPE", "PAD_SIZEX", "PAD_SIZEY", "HOLE_SIZE", "PAD_ANGLE"],
	"rows": [
		[1, "3V3_1", 48.33, -294.23, "T", "SMD", "VCC_3V3", "", "C", 39.37, 39.37, 0, 0],
		[2, "ADC1_1", 1002.7, -796.08, "T", "SMD", "ADC_IN1", "", "C", 39.37, 39.37, 0, 270],
		[3, "ADC2_1", 1003.33, -702.34, "T", "SMD", "ADC_IN2", "", "C", 39.37, 39.37, 0, 0],
		[4, "AO1_1", 1003.33, -525.49, "T", "SMD", "AO1", "", "C", 39.37, 39.37, 0, 0],
		[5, "AO2_1", 1000, -615, "T", "SMD", "AO2", "", "C", 39.37, 39.37, 0, 0],
		[6, "BO1_1", 1008.33, -351.75, "T", "SMD", "BO1", "", "C", 39.37, 39.37, 0, 0],
		[7, "BO2_1", 1008.33, -271.12, "T", "SMD", "BO2", "", "C", 39.37, 39.37, 0, 0],
		[8, "C1_1", 260, -622.56, "T", "SMD", "COM_5V", "", "R", 31.5, 35.43, 0, 90],
		[9, "C1_2", 260, -567.44, "T", "SMD", "GND", "GND", "R", 31.5, 35.43, 0, 90],
		[10, "C2_1", 325, -897.44, "T", "SMD", "COM_5V", "", "R", 31.5, 35.43, 0, 270],
		[11, "C2_2", 325, -952.56, "T", "SMD", "GND", "GND", "R", 31.5, 35.43, 0, 270],
		[12, "C3_1", 300, -337.44, "T", "SMD", "GND", "GND", "R", 31.5, 35.43, 0, 270],
		[13, "C3_2", 300, -392.56, "T", "SMD", "VCC_3V3", "", "R", 31.5, 35.43, 0, 270],
		[14, "C4_1", 560, -92.44, "T", "SMD", "GND", "GND", "R", 31.5, 35.43, 0, 270],
		[15, "C4_2", 560, -147.56, "T", "SMD", "VCC_3V3", "", "R", 31.5, 35.43, 0, 270],
		[16, "C5_1", 247.44, -775, "T", "SMD", "EN", "", "R", 31.5, 35.43, 0, 0],
		[17, "C5_2", 302.56, -775, "T", "SMD", "GND", "GND", "R", 31.5, 35.43, 0, 0],
		[18, "C6_1", 712.44, -935, "T", "SMD", "BOOT", "", "R", 31.5, 35.43, 0, 0],
		[19, "C6_2", 767.56, -935, "T", "SMD", "GND", "GND", "R", 31.5, 35.43, 0, 0],
		[20, "CN1_female1_1", 472.72, -375.39, "T", "SMD", "VCC_3V3", "", "R", 7.48, 29.53, 0, 270],
		[21, "CN1_female1_2", 587.28, -375.39, "T", "SMD", "VCC_3V3", "", "R", 7.48, 29.53, 0, 270],
		[22, "CN1_female1_3", 472.72, -391.14, "T", "SMD", "EN", "", "R", 7.48, 29.53, 0, 270],
		[23, "CN1_female1_4", 587.28, -391.14, "T", "SMD", "ADC_IN1", "", "R", 7.48, 29.53, 0, 270],
		[24, "CN1_female1_5", 472.72, -406.89, "T", "SMD", "PWM4", "", "R", 7.48, 29.53, 0, 270],
		[25, "CN1_female1_6", 587.28, -406.89, "T", "SMD", "ADC_IN2", "", "R", 7.48, 29.53, 0, 270],
		[26, "CN1_female1_7", 472.72, -422.63, "T", "SMD", "LED", "", "R", 7.48, 29.53, 0, 270],
		[27, "CN1_female1_8", 587.28, -422.63, "T", "SMD", "TXD0", "", "R", 7.48, 29.53, 0, 270],
		[28, "CN1_female1_9", 472.72, -438.38, "T", "SMD", "CN1_female1_9", "", "R", 7.48, 29.53, 0, 270],
		[29, "CN1_female1_10", 587.28, -438.38, "T", "SMD", "RXD0", "", "R", 7.48, 29.53, 0, 270],
		[30, "CN1_female1_11", 472.72, -454.13, "T", "SMD", "TXD1", "", "R", 7.48, 29.53, 0, 270],
		[31, "CN1_female1_12", 587.28, -454.13, "T", "SMD", "PWM3", "", "R", 7.48, 29.53, 0, 270],
		[32, "CN1_female1_13", 472.72, -469.88, "T", "SMD", "RXD1", "", "R", 7.48, 29.53, 0, 270],
		[33, "CN1_female1_14", 587.28, -469.88, "T", "SMD", "PWM2", "", "R", 7.48, 29.53, 0, 270],
		[34, "CN1_female1_15", 472.72, -485.63, "T", "SMD", "SDA", "", "R", 7.48, 29.53, 0, 270],
		[35, "CN1_female1_16", 587.28, -485.63, "T", "SMD", "PWM1", "", "R", 7.48, 29.53, 0, 270],
		[36, "CN1_female1_17", 472.72, -501.37, "T", "SMD", "CN1_female1_17", "", "R", 7.48, 29.53, 0, 270],
		[37, "CN1_female1_18", 587.28, -501.37, "T", "SMD", "CN1_female1_18", "", "R", 7.48, 29.53, 0, 270],
		[38, "CN1_female1_19", 472.72, -517.12, "T", "SMD", "IO19", "", "R", 7.48, 29.53, 0, 270],
		[39, "CN1_female1_20", 587.28, -517.12, "T", "SMD", "SLEEP", "", "R", 7.48, 29.53, 0, 270],
		[40, "CN1_female1_21", 472.72, -532.87, "T", "SMD", "IO20", "", "R", 7.48, 29.53, 0, 270],
		[41, "CN1_female1_22", 587.28, -532.87, "T", "SMD", "BIN2", "", "R", 7.48, 29.53, 0, 270],
		[42, "CN1_female1_23", 472.72, -548.62, "T", "SMD", "MISO", "", "R", 7.48, 29.53, 0, 270],
		[43, "CN1_female1_24", 587.28, -548.62, "T", "SMD", "BIN1", "", "R", 7.48, 29.53, 0, 270],
		[44, "CN1_female1_25", 472.72, -564.37, "T", "SMD", "$1N14728", "", "R", 7.48, 29.53, 0, 270],
		[45, "CN1_female1_26", 587.28, -564.37, "T", "SMD", "CN1_female1_26", "", "R", 7.48, 29.53, 0, 270],
		[46, "CN1_female1_27", 472.72, -580.11, "T", "SMD", "SCK", "", "R", 7.48, 29.53, 0, 270],
		[47, "CN1_female1_28", 587.28, -580.11, "T", "SMD", "AIN2", "", "R", 7.48, 29.53, 0, 270],
		[48, "CN1_female1_29", 472.71, -595.86, "T", "SMD", "MOSI", "", "R", 7.48, 29.53, 0, 270],
		[49, "CN1_female1_30", 587.28, -595.86, "T", "SMD", "AIN1", "", "R", 7.48, 29.53, 0, 270],
		[50, "CN1_female1_31", 472.71, -611.61, "T", "SMD", "CN1_female1_31", "", "R", 7.48, 29.53, 0, 270],
		[51, "CN1_female1_32", 587.28, -611.61, "T", "SMD", "BOOT", "", "R", 7.48, 29.53, 0, 270],
		[52, "CN1_female1_33", 472.71, -627.36, "T", "SMD", "CS1", "", "R", 7.48, 29.53, 0, 270],
		[53, "CN1_female1_34", 587.28, -627.36, "T", "SMD", "CN1_female1_34", "", "R", 7.48, 29.53, 0, 270],
		[54, "CN1_female1_35", 472.71, -643.11, "T", "SMD", "CN1_female1_35", "", "R", 7.48, 29.53, 0, 270],
		[55, "CN1_female1_36", 587.28, -643.11, "T", "SMD", "CS3", "", "R", 7.48, 29.53, 0, 270],
		[56, "CN1_female1_37", 472.71, -658.85, "T", "SMD", "SCL", "", "R", 7.48, 29.53, 0, 270],
		[57, "CN1_female1_38", 587.28, -658.85, "T", "SMD", "CS2", "", "R", 7.48, 29.53, 0, 270],
		[58, "CN1_female1_39", 472.71, -674.6, "T", "SMD", "GND", "GND", "R", 7.48, 29.53, 0, 270],
		[59, "CN1_female1_40", 587.28, -674.6, "T", "SMD", "GND", "GND", "R", 7.48, 29.53, 0, 270],
		[60, "CN1_female1_41", 472.71, -693.3, "T", "SMD", "GND", "GND", "R", 13.78, 29.53, 0, 270],
		[61, "CN1_female1_42", 587.28, -693.3, "T", "SMD", "GND", "GND", "R", 13.78, 29.53, 0, 270],
		[62, "CN1_female1_43", 587.28, -356.69, "T", "SMD", "GND", "GND", "R", 13.78, 29.53, 0, 270],
		[63, "CN1_female1_44", 472.72, -356.69, "T", "SMD", "GND", "GND", "R", 13.78, 29.53, 0, 270],
		[64, "COM_5V_1", 54.84, -883.22, "T", "SMD", "COM_5V", "", "C", 39.37, 39.37, 0, 0],
		[65, "D1_1", 727, -830, "T", "SMD", "COM_5V", "", "R", 41.3, 31.5, 0, 0],
		[66, "D1_2", 773, -830, "T", "SMD", "VUSB", "", "R", 25.6, 31.5, 0, 0],
		[67, "FPC3_1", 192.75, -471.1, "B", "SMD", "VCC_3V3", "", "R", 11.81, 51.18, 0, 270],
		[68, "FPC3_2", 192.69, -490.71, "B", "SMD", "CS1", "", "R", 11.81, 51.18, 0, 270],
		[69, "FPC3_3", 192.75, -510.47, "B", "SMD", "CS2", "", "R", 11.81, 51.18, 0, 270],
		[70, "FPC3_4", 192.75, -530.16, "B", "SMD", "CS3", "", "R", 11.81, 51.18, 0, 270],
		[71, "FPC3_5", 192.75, -549.84, "B", "SMD", "GND", "GND", "R", 11.81, 51.18, 0, 270],
		[72, "FPC3_6", 192.75, -569.53, "B", "SMD", "MOSI", "", "R", 11.81, 51.18, 0, 270],
		[73, "FPC3_7", 192.75, -589.21, "B", "SMD", "MISO", "", "R", 11.81, 51.18, 0, 270],
		[74, "FPC3_8", 192.75, -608.9, "B", "SMD", "SCK", "", "R", 11.81, 51.18, 0, 270],
		[75, "FPC3_9", 87.25, -675.82, "B", "SMD", "GND", "GND", "R", 62.99, 78.74, 0, 0],
		[76, "FPC3_10", 87.24, -404.18, "B", "SMD", "GND", "GND", "R", 62.99, 78.74, 0, 0],
		[77, "GND1_1", 54.21, -728.22, "T", "SMD", "GND", "GND", "C", 39.37, 39.37, 0, 0],
		[78, "GND2_1", 53.58, -638.22, "T", "SMD", "GND", "GND", "C", 39.37, 39.37, 0, 0],
		[79, "GND3_1", 57.95, -803.22, "T", "SMD", "GND", "GND", "C", 39.37, 39.37, 0, 0],
		[80, "HEAT1_1", 1007.7, -192.97, "T", "SMD", "HEAT1", "", "C", 39.37, 39.37, 0, 270],
		[81, "HEAT2_1", 1005, -420, "T", "SMD", "HEAT2", "", "C", 39.37, 39.37, 0, 180],
		[82, "LED1_1", 975, -63.81, "T", "SMD", "LED", "", "R", 25.06, 21.26, 0, 270],
		[83, "LED1_2", 975, -106.19, "T", "SMD", "$1N10088", "", "R", 25.06, 21.26, 0, 270],
		[84, "PWM4_1", 47.7, -381.71, "T", "SMD", "PWM4", "", "C", 39.37, 39.37, 0, 0],
		[85, "Q2_1", 75.63, -177.4, "B", "SMD", "VUSB", "", "R", 49.21, 27.56, 0, 180],
		[86, "Q2_2", 75.63, -102.6, "B", "SMD", "COM_5V", "", "R", 49.21, 27.56, 0, 180],
		[87, "Q2_3", 154.37, -140, "B", "SMD", "VBAT", "", "R", 49.21, 27.56, 0, 180],
		[88, "Q5_1", 1014.37, -107.6, "B", "SMD", "PWM1", "", "R", 49.21, 27.56, 0, 0],
		[89, "Q5_2", 1014.37, -182.4, "B", "SMD", "GND", "GND", "R", 49.21, 27.56, 0, 0],
		[90, "Q5_3", 935.63, -145, "B", "SMD", "HEAT1", "", "R", 49.21, 27.56, 0, 0],
		[91, "Q6_1", 1014.37, -427.6, "B", "SMD", "PWM2", "", "R", 49.21, 27.56, 0, 0],
		[92, "Q6_2", 1014.37, -502.4, "B", "SMD", "GND", "GND", "R", 49.21, 27.56, 0, 0],
		[93, "Q6_3", 935.63, -465, "B", "SMD", "HEAT2", "", "R", 49.21, 27.56, 0, 0],
		[94, "R1_1", 710, -149.66, "T", "SMD", "VCC_3V3", "", "R", 31.75, 34.02, 0, 90],
		[95, "R1_2", 710, -90.34, "T", "SMD", "$1N7567", "", "R", 31.75, 34.02, 0, 90],
		[96, "R3_1", 842.96, -195, "T", "SMD", "VCC_3V3", "", "R", 22.27, 21.26, 0, 0],
		[97, "R3_2", 877.04, -195, "T", "SMD", "$1N10088", "", "R", 22.27, 21.26, 0, 0],
		[98, "R4_1", 830.34, -290, "T", "SMD", "PWM1", "", "R", 31.75, 34.02, 0, 0],
		[99, "R4_2", 889.66, -290, "T", "SMD", "GND", "GND", "R", 31.75, 34.02, 0, 0],
		[100, "R5_1", 995, -280.34, "B", "SMD", "PWM2", "", "R", 31.75, 34.02, 0, 270],
		[101, "R5_2", 995, -339.66, "B", "SMD", "GND", "GND", "R", 31.75, 34.02, 0, 270],
		[102, "RXD0_1", 1005, -880, "T", "SMD", "RXD0", "", "C", 39.37, 39.37, 0, 0],
		[103, "SCL1_1", 55, -975, "T", "SMD", "SCL", "", "C", 39.37, 39.37, 0, 0],
		[104, "SDA1_1", 55, -560, "T", "SMD", "SDA", "", "C", 39.37, 39.37, 0, 270],
		[105, "SW1_1", 299.98, -950, "B", "SMD", "GND", "GND", "R", 31.5, 60, 0, 180],
		[106, "SW1_2", 170.02, -950, "B", "SMD", "EN", "", "R", 31.5, 60, 0, 180],
		[107, "SW2_1", 859.98, -950, "B", "SMD", "GND", "GND", "R", 31.5, 60, 0, 180],
		[108, "SW2_2", 730.02, -950, "B", "SMD", "BOOT", "", "R", 31.5, 60, 0, 180],
		[109, "TXD0_1", 1005, -965, "T", "SMD", "TXD0", "", "C", 39.37, 39.37, 0, 0],
		[110, "U2_1", 220, -340, "B", "SMD", "SLEEP", "", "O", 100, 60, 0, 0],
		[111, "U2_2", 220, -240, "B", "SMD", "GND", "GND", "R", 100, 60, 0, 0],
		[112, "U2_3", 391.57, -65, "B", "SMD", "AO1", "", "R", 100, 60, 0, 270],
		[113, "U2_4", 491.57, -65, "B", "SMD", "AO2", "", "R", 100, 60, 0, 270],
		[114, "U2_5", 591.57, -65, "B", "SMD", "BO1", "", "R", 100, 60, 0, 270],
		[115, "U2_6", 691.57, -65, "B", "SMD", "BO2", "", "R", 100, 60, 0, 270],
		[116, "U2_7", 860, -240, "B", "SMD", "VCC_3V3", "", "R", 100, 60, 0, 0],
		[117, "U2_8", 860.83, -340, "B", "SMD", "VM", "", "R", 100, 60, 0, 0],
		[118, "U2_9", 691.57, -513.7, "B", "SMD", "AIN1", "", "R", 100, 60, 0, 270],
		[119, "U2_10", 591.57, -513.7, "B", "SMD", "AIN2", "", "R", 100, 60, 0, 270],
		[120, "U2_11", 491.57, -513.7, "B", "SMD", "BIN1", "", "R", 100, 60, 0, 270],
		[121, "U2_12", 391.57, -513.7, "B", "SMD", "BIN2", "", "R", 100, 60, 0, 270],
		[122, "U5_1", 981.61, -619.45, "B", "SMD", "GND", "GND", "R", 97.24, 38.58, 0, 0],
		[123, "U5_2", 981.61, -710, "B", "SMD", "VCC_3V3", "", "R", 97.24, 38.58, 0, 0],
		[124, "U5_3", 981.61, -800.55, "B", "SMD", "COM_5V", "", "R", 97.24, 38.58, 0, 0],
		[125, "U5_4", 758.39, -710, "B", "SMD", "VCC_3V3", "", "R", 97.24, 141.73, 0, 0],
		[126, "U6_1", 75, -60.47, "T", "SMD", "$1N7567", "", "R", 29.53, 23.62, 0, 90],
		[127, "U6_2", 75, -109.53, "T", "SMD", "GND", "GND", "R", 29.53, 23.62, 0, 90],
		[128, "USB1_1", 581.2, -827.82, "B", "SMD", "VUSB", "", "R", 78.74, 15.75, 0, 270],
		[129, "USB1_2", 555.6, -827.82, "B", "SMD", "IO19", "", "R", 78.74, 15.75, 0, 270],
		[130, "USB1_3", 530, -827.82, "B", "SMD", "IO20", "", "R", 78.74, 15.75, 0, 270],
		[131, "USB1_4", 504.4, -827.82, "B", "SMD", "USB1_4", "", "R", 78.74, 15.75, 0, 270],
		[132, "USB1_5", 478.8, -827.82, "B", "SMD", "GND", "GND", "R", 78.74, 15.75, 0, 270],
		[133, "USB1_6", 655.98, -849.5, "B", "SMD", "GND", "GND", "R", 62.99, 39.37, 0, 180],
		[134, "USB1_7", 655.98, -942.18, "B", "SMD", "GND", "GND", "R", 78.74, 55.12, 0, 180],
		[135, "USB1_8", 404.02, -942.18, "B", "SMD", "GND", "GND", "R", 78.74, 55.12, 0, 180],
		[136, "USB1_9", 404.02, -849.5, "B", "SMD", "GND", "GND", "R", 62.99, 39.37, 0, 180],
		[137, "VBAT_1", 51.84, -209.68, "T", "SMD", "VBAT", "", "C", 39.37, 39.37, 0, 0],
		[138, "VM_1", 51.21, -474.68, "T", "SMD", "VM", "", "C", 39.37, 39.37, 0, 0],
		[139, "PAD1_1", 115, -885, "B", "SMD", "COM_5V", "", "C", 39.37, 39.37, 0, 0],
		[140, "PAD2_2", 60, -885, "B", "SMD", "COM_5V", "", "C", 39.37, 39.37, 0, 0],
		[141, "PAD3_2", 125, -300, "B", "SMD", "VM", "", "C", 39.37, 39.37, 0, 0],
		[142, "PAD4_3", 70, -300, "B", "SMD", "VM", "", "C", 39.37, 39.37, 0, 0]
	]
}
}